timestamp,human_ts,ax,ay,az
1768969247.4146476,2026-01-20 21:20:47.414,-0.800040842321169,0.2133137367473289,0.47998093493649086
1768969247.492898,2026-01-20 21:20:47.492,-0.9219932807007113,-0.12884278577214292,0.35700121584103117
1768969247.5136888,2026-01-20 21:20:47.513,-0.9452989128877337,-0.21885365420742325,0.3083616133366055
1768969247.5381095,2026-01-20 21:20:47.538,-0.9675209774812975,-0.32219924033686775,0.2445803436790909
1768969247.5587966,2026-01-20 21:20:47.558,-0.9818954047641245,-0.4068793029288616,0.18599445751166438
1768969247.5949445,2026-01-20 21:20:47.594,-0.9970360890958551,-0.5463706920630516,0.07670724894660315
1768969247.6155689,2026-01-20 21:20:47.615,-0.9999253438735707,-0.6199928208611127,0.012218199001364097
1768969247.636145,2026-01-20 21:20:47.636,-0.9986262033160073,-0.6883657473726478,-0.052327498974629585
1768969247.6571321,2026-01-20 21:20:47.657,-0.9930040767585663,-0.7522955070298531,-0.11725399345744075
1768969247.6778383,2026-01-20 21:20:47.677,-0.9832282437391429,-0.8090940455262712,-0.1793205102235598
1768969247.6987202,2026-01-20 21:20:47.698,-0.9691567604218672,-0.8595841943112207,-0.23884390802519845
1768969247.7198277,2026-01-20 21:20:47.719,-0.9506983697509519,-0.9032497912889088,-0.29482781226709626
1768969247.7407017,2026-01-20 21:20:47.740,-0.9283318741676908,-0.9387880757761207,-0.3451097077222672
1768969247.7620595,2026-01-20 21:20:47.762,-0.9013183518363027,-0.9669619667435979,-0.3904126050983994
1768969247.7837477,2026-01-20 21:20:47.783,-0.8697356729237743,-0.98684631395481,-0.429230071417364
1768969247.8057318,2026-01-20 21:20:47.805,-0.8336044214117599,-0.9978436689138352,-0.4604513220829094
1768969247.8270705,2026-01-20 21:20:47.827,-0.7947353123162791,-0.9996035515644578,-0.4823694954720148
1768969247.8483438,2026-01-20 21:20:47.848,-0.7524275301988279,-0.9926008381048239,-0.4956052355384144
1768969247.870267,2026-01-20 21:20:47.870,-0.7053106409768861,-0.9762987439301569,-0.4999935640983656
1768969247.892032,2026-01-20 21:20:47.892,-0.6552314804798056,-0.9511444251641475,-0.4949803125694678
1768969247.9138515,2026-01-20 21:20:47.913,-0.601950510995504,-0.9171841148698275,-0.48067758493430385
1768969247.9353392,2026-01-20 21:20:47.935,-0.5467111445164798,-0.8754861656139148,-0.4577728748338463
1768969247.9615736,2026-01-20 21:20:47.961,-0.47592135533430363,-0.8140275292932823,-0.4185670455782455
1768969247.9901934,2026-01-20 21:20:47.990,-0.3950285635468263,-0.7346669132278459,-0.3629004314653922
1768969248.010863,2026-01-20 21:20:48.010,-0.33458415564734606,-0.6700428776235927,-0.315300690673237
1768969248.0316012,2026-01-20 21:20:48.031,-0.27252118467121683,-0.5996426226073682,-0.2622061985496412
1768969248.0523088,2026-01-20 21:20:48.052,-0.20939779418363272,-0.5243739850794373,-0.20475555803657985
1768969248.0747416,2026-01-20 21:20:48.074,-0.14001972049586356,-0.43794445772813667,-0.13864034632760572
1768969248.0959547,2026-01-20 21:20:48.095,-0.0737752116059644,-0.35228947068754907,-0.07357416648026192
1768969248.1167154,2026-01-20 21:20:48.116,-0.008621793984456613,-0.26548575493387083,-0.008621473526544141
1768969248.1414728,2026-01-20 21:20:48.141,0.06910285065524853,-0.15913646446941868,0.06893766311486828
1768969248.1627815,2026-01-20 21:20:48.162,0.13567982368322587,-0.06604950419919069,0.13442515664054733
1768969248.1836135,2026-01-20 21:20:48.183,0.20018814127953272,0.02553008801582771,0.19613582764851062
1768969248.204697,2026-01-20 21:20:48.204,0.26458761299855715,0.11797432871328775,0.2551581474602182
1768969248.2268908,2026-01-20 21:20:48.226,0.3311359897161161,0.21420030907657148,0.31245430434545524
1768969248.247722,2026-01-20 21:20:48.247,0.39213040974404717,0.3026652418241176,0.360724543205821
1768969248.2687213,2026-01-20 21:20:48.268,0.4519206781630983,0.3892775022441944,0.40313951338592074
1768969248.2895117,2026-01-20 21:20:48.289,0.5091853847915798,0.47176914401095127,0.4382338983520019
1768969248.3106794,2026-01-20 21:20:48.310,0.5652530530364115,0.5516981505289658,0.4662871710874896
1768969248.332122,2026-01-20 21:20:48.332,0.6194976171633128,0.6277867278487569,0.48630472284705384
1768969248.352856,2026-01-20 21:20:48.352,0.6692781361474106,0.6960594900511619,0.4972816614228775
1768969248.3738177,2026-01-20 21:20:48.373,0.7167224110674552,0.7592046205916824,0.4998125209728538
1768969248.3955116,2026-01-20 21:20:48.395,0.7625511092955751,0.8177605806520026,0.49331564548598067
1768969248.4169164,2026-01-20 21:20:48.416,0.8042984468108799,0.8682452227442646,0.47793468975245657
1768969248.4377408,2026-01-20 21:20:48.437,0.8414218397937162,0.9099799086833283,0.45468655524580404
1768969248.4609287,2026-01-20 21:20:48.460,0.8785228543509652,0.9474692776705451,0.41967064741393295
1768969248.481723,2026-01-20 21:20:48.481,0.9078330433252948,0.9727208703278313,0.380683271686227
1768969248.5039804,2026-01-20 21:20:48.503,0.9349118606818848,0.9907365944874228,0.33178151895371616
1768969248.5246964,2026-01-20 21:20:48.524,0.9560118621122828,0.9989828471141509,0.2804250538721537
1768969248.5453064,2026-01-20 21:20:48.545,0.9729883892241216,0.998963052606402,0.22461831454100492
1768969248.566053,2026-01-20 21:20:48.566,0.9859581899846556,0.9906585940530572,0.16464748295164622
1768969248.587731,2026-01-20 21:20:48.587,0.9950365540535363,0.9731771209305313,0.09901616747505484
1768969248.608463,2026-01-20 21:20:48.608,0.9994033712450895,0.9481864372760787,0.03451780018854291
1768969248.6292815,2026-01-20 21:20:48.629,0.9995239564739857,0.9151641105345165,-0.030837548480755372
1768969248.6502762,2026-01-20 21:20:48.650,0.9953171298488473,0.874097365344583,-0.09621072822143359
1768969248.6712434,2026-01-20 21:20:48.671,0.986795939078133,0.8256513383010474,-0.15982979599608485
1768969248.6922758,2026-01-20 21:20:48.692,0.9739483094600921,0.7700060783001631,-0.22086238182819956
1768969248.7130964,2026-01-20 21:20:48.713,0.9570442046486564,0.7084376430435003,-0.2774873553194952
1768969248.7348266,2026-01-20 21:20:48.734,0.9350369990610419,0.6378541321146388,-0.33151751027945514
1768969248.7556703,2026-01-20 21:20:48.755,0.9098296433210754,0.5646612128907982,-0.3775628809875352
1768969248.7763329,2026-01-20 21:20:48.776,0.8809951986347923,0.4874319007609177,-0.4168210343083127
1768969248.7970762,2026-01-20 21:20:48.797,0.8483159243442945,0.40585597647429916,-0.44917514516622375
1768969248.8187733,2026-01-20 21:20:48.818,0.8102952608634113,0.31695582177545034,-0.47485071505841236
1768969248.8400245,2026-01-20 21:20:48.840,0.7693799617866202,0.22702119264447176,-0.49147331598202143
1768969248.8889387,2026-01-20 21:20:48.888,0.6625330422342779,0.013873221088086288,-0.4962589056264618
1768969248.9322352,2026-01-20 21:20:48.932,0.5548488420786779,-0.17563054259280428,-0.46160714773539596
1768969248.9780695,2026-01-20 21:20:48.978,0.4297239670859432,-0.36919076561932274,-0.3880236843158289
1768969249.0124516,2026-01-20 21:20:49.012,0.3298769613058511,-0.5049788548329406,-0.3114117471733168
1768969249.0462828,2026-01-20 21:20:49.046,0.22786861096143324,-0.6273585784822571,-0.2218738184186541
1768969249.074951,2026-01-20 21:20:49.074,0.13936779276219488,-0.7203091313242618,-0.13800765886109057
1768969249.10093,2026-01-20 21:20:49.100,0.05817601269491172,-0.7946965903064881,-0.05807748239849058
1768969249.1455317,2026-01-20 21:20:49.145,-0.08181687571656439,-0.8977662753944335,0.08154257477291542
1768969249.1777472,2026-01-20 21:20:49.177,-0.18209726339500654,-0.9509728855200597,0.17905269236502974
1768969249.203624,2026-01-20 21:20:49.203,-0.26133350530412824,-0.9799409261751937,0.25225179189781355
1768969249.2246451,2026-01-20 21:20:49.224,-0.3244694434370593,-0.9941558408060398,0.3069144065485012
1768969249.3104012,2026-01-20 21:20:49.310,-0.5645311589923167,-0.9640331960461189,0.46597065648610925
1768969249.3342988,2026-01-20 21:20:49.334,-0.6248513011438033,-0.9308291582565102,0.4878487673732524
1768969249.35599,2026-01-20 21:20:49.355,-0.6765644274050686,-0.8917830258476411,0.4982108426685312
1768969249.3774002,2026-01-20 21:20:49.377,-0.724525404249024,-0.8452906179715403,0.49937775578075394
1768969249.4029179,2026-01-20 21:20:49.402,-0.7773947211219353,-0.7801302823107793,0.4889914434351153
1768969249.4280176,2026-01-20 21:20:49.428,-0.8245261602292181,-0.7064591523328287,0.46653655319612664
1768969249.4591835,2026-01-20 21:20:49.459,-0.8758883673245795,-0.6031219066482308,0.42262822521518334
1768969249.4801993,2026-01-20 21:20:49.480,-0.9058153296577051,-0.5269198055495705,0.3837692604457931
1768969249.5009968,2026-01-20 21:20:49.500,-0.9315447654910423,-0.44708081766095115,0.33873451430788754
1768969249.5221868,2026-01-20 21:20:49.522,-0.9536693145483529,-0.3618999498848584,0.2869179368777904
1768969249.542958,2026-01-20 21:20:49.542,-0.9712590882499619,-0.2753387943612275,0.2311837055001434
1768969249.5635958,2026-01-20 21:20:49.563,-0.9846397566005072,-0.18706606028074188,0.1719163806911938
1768969249.584308,2026-01-20 21:20:49.584,-0.9939089512333487,-0.09692548554948201,0.10953308045698652
1768969249.605014,2026-01-20 21:20:49.605,-0.9989704811452438,-0.006010480392201359,0.045318236150727685
1768969249.6258476,2026-01-20 21:20:49.625,-0.9997986377510524,0.0855133068307571,-0.02006294586484031
1768969249.646704,2026-01-20 21:20:49.646,-0.9963392333575588,0.17642286502468976,-0.08517466335761664
1768969249.667456,2026-01-20 21:20:49.667,-0.9886530490449834,0.26540607194733895,-0.14851250008697273
1768969249.6906772,2026-01-20 21:20:49.690,-0.9750798788496745,0.3622902766162234,-0.2163254429655609
1768969249.711985,2026-01-20 21:20:49.711,-0.9580488854289135,0.4479541736773269,-0.274581445543279
1768969249.7326193,2026-01-20 21:20:49.732,-0.9374702135408313,0.5271402148975197,-0.3263010472750474
1768969249.754434,2026-01-20 21:20:49.754,-0.911433493051102,0.6061256881990907,-0.3750069684326584
1768969249.7764902,2026-01-20 21:20:49.776,-0.8807601377785863,0.6803104421760043,-0.4170951013505146
1768969249.7972393,2026-01-20 21:20:49.797,-0.8480441446038286,0.7442693231665642,-0.4494002919679507
1768969249.818329,2026-01-20 21:20:49.818,-0.8110981951460603,0.8029326075947886,-0.47441945206976377
1768969249.8391147,2026-01-20 21:20:49.839,-0.7712016806111998,0.8539968679082734,-0.4909399682224158
1768969249.859883,2026-01-20 21:20:49.859,-0.7280614517723877,0.8978893663991375,-0.499094766499944
1768969249.8805838,2026-01-20 21:20:49.880,-0.6819662464915796,0.9342001259803983,-0.49877896027879354
1768969249.9015248,2026-01-20 21:20:49.901,-0.6324104594159523,0.9630513334357833,-0.4898863078159109
1768969249.9223588,2026-01-20 21:20:49.922,-0.5803901207840043,0.9836551679304503,-0.47263406139574765
1768969249.9431605,2026-01-20 21:20:49.943,-0.5259682889745435,0.9959927424311432,-0.4473382279479217
1768969249.9694214,2026-01-20 21:20:49.969,-0.4540948742949259,0.9996635181005148,-0.404577342657292
1768969249.99079,2026-01-20 21:20:49.990,-0.3933062550101867,0.9928175085118527,-0.3616087289337771
1768969250.0116527,2026-01-20 21:20:50.011,-0.33224536893234236,0.9776784234317045,-0.31337150266181457
1768969250.032416,2026-01-20 21:20:50.032,-0.2700549021555825,0.9544424493453144,-0.260020992043215
1768969250.053024,2026-01-20 21:20:50.053,-0.2071963771320114,0.9235155391541101,-0.2027000856339811
1768969250.0746577,2026-01-20 21:20:50.074,-0.14028002964616904,0.882897535299588,-0.13889292234681383
1768969250.0955238,2026-01-20 21:20:50.095,-0.07512268298589019,0.8361502473381082,-0.07491040874224723
1768969250.1165202,2026-01-20 21:20:50.116,-0.009224726285327998,0.7820013488602714,-0.009224333785283902
1768969250.1375334,2026-01-20 21:20:50.137,0.056753742232383164,0.7211477608747439,0.056662266972541696
1768969250.158197,2026-01-20 21:20:50.158,0.12140035701112682,0.6552963054325067,0.1205024342592945
1768969250.1787684,2026-01-20 21:20:50.178,0.1852514476803033,0.5843645451286671,0.18204495861670678
1768969250.1994941,2026-01-20 21:20:50.199,0.2487977503461464,0.5080689305583592,0.24097441957546128
1768969250.2422001,2026-01-20 21:20:50.242,0.3761178561055641,0.3383016056385029,0.348500210667635
1768969250.2987278,2026-01-20 21:20:50.298,0.5338903813450612,0.09633310410647129,0.45143298769543266
1768969250.3247435,2026-01-20 21:20:50.324,0.6011337726389223,-0.017930157657312255,0.48039510092882104
1768969250.3514676,2026-01-20 21:20:50.351,0.6660322448362848,-0.13505794890076234,0.49680873753380717
1768969250.374876,2026-01-20 21:20:50.374,0.7190344714530444,-0.23616881411305346,0.49971055669213876
1768969250.3991454,2026-01-20 21:20:50.399,0.7698849787863452,-0.3383563421487151,0.4913272508425501
1768969250.4204524,2026-01-20 21:20:50.420,0.8108488392803793,-0.424931177901224,0.4745538533877537
1768969250.4414103,2026-01-20 21:20:50.441,0.8475969091968543,-0.5064481284246657,0.4497693589310187
1768969250.4636617,2026-01-20 21:20:50.463,0.8825915804771758,-0.5882792640603522,0.41494205851535937
1768969250.4845812,2026-01-20 21:20:50.484,0.9115604197735049,-0.6600858885895056,0.3748027862914973
1768969250.505398,2026-01-20 21:20:50.505,0.9364833531192126,-0.7260055031376816,0.32843597962787685
1768969250.526255,2026-01-20 21:20:50.526,0.9574374849181791,-0.7859491274451496,0.27635544041002646
1768969250.5494118,2026-01-20 21:20:50.549,0.9758841182983173,-0.8447371073596734,0.21302499212472373
1768969250.5905943,2026-01-20 21:20:50.590,0.9958913730438123,-0.92732732971649,0.09018385098221249
1768969250.6119537,2026-01-20 21:20:50.611,0.9997221174322809,-0.9583460805137889,0.023566483141443207
1768969250.6327975,2026-01-20 21:20:50.632,0.9991220788400882,-0.9804680757092986,-0.04185679512372905
1768969250.6535497,2026-01-20 21:20:50.653,0.9942701125235526,-0.9943134931630295,-0.10628437471355659
1768969250.6743584,2026-01-20 21:20:50.674,0.9851631993416639,-0.9998848845795202,-0.16907384105415882
1768969250.6949363,2026-01-20 21:20:50.694,0.9720182068489512,-0.9971638218154301,-0.22833244693828958
1768969250.7155194,2026-01-20 21:20:50.715,0.9548080563959733,-0.9862768743032586,-0.2837910172818814
1768969250.7365134,2026-01-20 21:20:50.736,0.9331428661414202,-0.9668520760022514,-0.33547023514603397
1768969250.7573369,2026-01-20 21:20:50.757,0.9076445004037889,-0.9394464339875241,-0.38097447910137605
1768969250.7781298,2026-01-20 21:20:50.778,0.8783105897768976,-0.9042253584653039,-0.4199119322079391
1768969250.7991288,2026-01-20 21:20:50.799,0.8448832172865085,-0.8609855090884592,-0.45197094567122725
1768969250.8228955,2026-01-20 21:20:50.822,0.8026235333061673,-0.803214122124291,-0.47875364409524407
1768969250.8435593,2026-01-20 21:20:50.843,0.7622399348134331,-0.7458378237197285,-0.4933937834561816
1768969250.864617,2026-01-20 21:20:50.864,0.7177813933386213,-0.6810337316253587,-0.4997685984405861
1768969250.886363,2026-01-20 21:20:50.886,0.6685788429204824,-0.6079952017977672,-0.4971828164064621
1768969250.9083622,2026-01-20 21:20:50.908,0.6156271364055594,-0.5284490784422777,-0.4851373193134807
1768969250.9308727,2026-01-20 21:20:50.930,0.5584031466697509,-0.4419416459873423,-0.46323434386368234
1768969250.9607408,2026-01-20 21:20:50.960,0.4782200754461679,-0.32063157087517324,-0.419992015896501
1768969250.9878159,2026-01-20 21:20:50.987,0.4018791728233938,-0.20583204901819202,-0.36799782694688293
1768969251.0310943,2026-01-20 21:20:51.031,0.2740544102270443,-0.016966579688048707,-0.26356201471823754
1768969251.0745091,2026-01-20 21:20:51.074,0.14074277751683575,0.17310874876494065,-0.13934185152080328
1768969251.0968578,2026-01-20 21:20:51.096,0.07094538505111833,0.26892276559948225,-0.07076661697470094
1768969251.1190448,2026-01-20 21:20:51.119,0.001300288035824762,0.3614858960593195,-0.0013002869365939648
1768969251.1399183,2026-01-20 21:20:51.139,-0.0642301483252307,0.4454399744861415,0.06409752027184454
1768969251.1607003,2026-01-20 21:20:51.160,-0.12920077157771023,0.525301675134936,0.12811786951800877
1768969251.183814,2026-01-20 21:20:51.183,-0.20080233612342294,0.6089443744408832,0.19671234970047058
1768969251.21637,2026-01-20 21:20:51.216,-0.2997737502260148,0.7159047991055241,0.28598725263902264
1768969251.2427554,2026-01-20 21:20:51.242,-0.37773364469444703,0.7919327365314675,0.34974898376880703
1768969251.263748,2026-01-20 21:20:51.263,-0.4379322218751618,0.8448569428519428,0.39370456726508635
1768969251.2854838,2026-01-20 21:20:51.285,-0.49825883928239384,0.8920705923158175,0.43200453049572407
1768969251.3084264,2026-01-20 21:20:51.308,-0.5593994038800416,0.9330525296823281,0.4636851862812203
1768969251.329911,2026-01-20 21:20:51.329,-0.61402924435562,0.9628321865629391,0.484643012495644
1768969251.3506196,2026-01-20 21:20:51.350,-0.664044243476571,0.9834086287495717,0.49650141924654495
1768969251.3714118,2026-01-20 21:20:51.371,-0.7114295638743148,0.995864866124727,0.49996239686332117
1768969251.3923278,2026-01-20 21:20:51.392,-0.756040811914315,0.9999994745622276,0.4948472168516748
1768969251.4130068,2026-01-20 21:20:51.413,-0.7969367740466139,0.9957732757163871,0.48139980099136265
1768969251.434083,2026-01-20 21:20:51.434,-0.8351575502922914,0.9829965351715461,0.4593456617887624
1768969251.4550014,2026-01-20 21:20:51.455,-0.8694738371680482,0.9619687942848554,0.42950181136456606
1768969251.475942,2026-01-20 21:20:51.475,-0.9000694251707847,0.9327658465729781,0.3922021199631153
1768969251.4971778,2026-01-20 21:20:51.497,-0.9271154198616987,0.8950812734288449,0.3474605443729618
1768969251.5183823,2026-01-20 21:20:51.518,-0.950005438634173,0.8496686167316595,0.29662338322937687
1768969251.5392303,2026-01-20 21:20:51.539,-0.9684041491885651,0.7978142171127844,0.24150648925829335
1768969251.560797,2026-01-20 21:20:51.560,-0.9830663916889739,0.7371236622290565,0.1801466669068758
1768969251.5956051,2026-01-20 21:20:51.595,-0.9971933416451207,0.6254528455467881,0.07465934923376988
1768969251.616392,2026-01-20 21:20:51.616,-0.9999535879105768,0.5516029049825713,0.00963397160242047
1768969251.6374116,2026-01-20 21:20:51.637,-0.9984101099107693,0.4722490308664469,-0.05627750434209468
1768969251.6614811,2026-01-20 21:20:51.661,-0.9912985398349207,0.3764616253705509,-0.13048744342186525
1768969251.6825695,2026-01-20 21:20:51.682,-0.9804089539884051,0.28903566741633474,-0.19311389432228493
1768969251.7032602,2026-01-20 21:20:51.703,-0.9655446917441387,0.20084575322176265,-0.25127073606482986
1768969251.7240176,2026-01-20 21:20:51.724,-0.9465332756587286,0.11069475037797886,-0.3053574999951215
1768969251.7452867,2026-01-20 21:20:51.745,-0.9228800581389126,0.017371736560614668,-0.3553895931214932
1768969251.7661057,2026-01-20 21:20:51.766,-0.8957385970299147,-0.07412481194777153,-0.398228462177364
1768969251.7867758,2026-01-20 21:20:51.786,-0.8650021919983794,-0.16435284069129194,-0.4340304905669578
1768969251.8074834,2026-01-20 21:20:51.807,-0.8305534151976218,-0.25338481127540674,-0.4625675697035888
1768969251.8290415,2026-01-20 21:20:51.829,-0.7909562681189827,-0.3438371424309147,-0.4839645350224167
1768969251.8498142,2026-01-20 21:20:51.849,-0.7493730144188493,-0.42807167094093534,-0.4961959057643496
1768969251.8717782,2026-01-20 21:20:51.871,-0.7019341866230123,-0.5132481768131057,-0.4999468764375842
1768969251.892583,2026-01-20 21:20:51.892,-0.6539177748145196,-0.5895218201164787,-0.49473170950416423
1768969251.9161513,2026-01-20 21:20:51.916,-0.5961534275841524,-0.669946269520899,-0.47863401941914924
1768969251.9380991,2026-01-20 21:20:51.938,-0.5394274647658199,-0.7383757567832024,-0.4542152258439702
1768969251.9586174,2026-01-20 21:20:51.958,-0.484066573833723,-0.7961489356129727,-0.4235733414623739
1768969251.9793265,2026-01-20 21:20:51.979,-0.4261543368561804,-0.8478864612311848,-0.3855207230861797
1768969252.0000465,2026-01-20 21:20:52.000,-0.3663999578453009,-0.8926213063762899,-0.3409195713685483
1768969252.0207622,2026-01-20 21:20:52.020,-0.30511825942938553,-0.9299331017136245,-0.29056853319404374
1768969252.0417345,2026-01-20 21:20:52.041,-0.24176080881136106,-0.9598498383389166,-0.23458918608460858
1768969252.062394,2026-01-20 21:20:52.062,-0.17831330787228855,-0.9813451710005239,-0.17545561635552698
1768969252.08313,2026-01-20 21:20:52.083,-0.11388489015296951,-0.9947756623032874,-0.11314394954153983
1768969252.1044774,2026-01-20 21:20:52.104,-0.047040939743660706,-0.9999650602131167,-0.04698886364652008
1768969252.1281128,2026-01-20 21:20:52.128,0.02717912179068816,-0.9954359314060967,0.027169081264121066
1768969252.1487222,2026-01-20 21:20:52.148,0.0918045378613232,-0.9827092930228375,0.09141685158951658
1768969252.1709626,2026-01-20 21:20:52.170,0.1610962076037748,-0.9599300066561444,0.15899208287758174
1768969252.1920364,2026-01-20 21:20:52.192,0.22604129211096294,-0.9298693364144558,0.2201908283107944
1768969252.2147694,2026-01-20 21:20:52.214,0.2949730917602089,-0.888504553112928,0.2818484292190134
1768969252.236176,2026-01-20 21:20:52.236,0.3585165620959463,-0.8414301658903316,0.33468358778285917
1768969252.2598205,2026-01-20 21:20:52.259,0.4268053960821536,-0.7807929073610562,0.3859786828524866
1768969252.2847168,2026-01-20 21:20:52.284,0.49616627131423546,-0.707832837144826,0.43078521260084107
1768969252.3346345,2026-01-20 21:20:52.334,0.625672582223103,-0.5370055025203495,0.4880782826021251
1768969252.3753638,2026-01-20 21:20:52.375,0.7201023010364428,-0.37810130068949926,0.4996558783542907
1768969252.4148088,2026-01-20 21:20:52.414,0.8003445122797972,-0.212621131765067,0.4798388492940631
1768969252.4464724,2026-01-20 21:20:52.446,0.8559281871558385,-0.07492338766045704,0.442595937157152
1768969252.471683,2026-01-20 21:20:52.471,0.8941558883828801,0.035877583662241835,0.400363475978042
1768969252.5112934,2026-01-20 21:20:52.511,0.9428173617139437,0.2085616209682769,0.31425026580934834
1768969252.5475705,2026-01-20 21:20:52.547,0.9746067514713381,0.3613051526885864,0.21823723769012987
1768969252.5682302,2026-01-20 21:20:52.568,0.9870772239651269,0.4444192987371795,0.15817447896989859
1768969252.5888643,2026-01-20 21:20:52.588,0.9953845099741824,0.5237778275304109,0.09552412861378524
1768969252.6095839,2026-01-20 21:20:52.609,0.9995187195741285,0.599121761225378,0.031006501630548727
1768969252.6331708,2026-01-20 21:20:52.633,0.9990719618900147,0.6788244118229343,-0.04303223376342199
1768969252.655852,2026-01-20 21:20:52.655,0.9934710707773154,0.7485729980583108,-0.11333946919247498
1768969252.6766691,2026-01-20 21:20:52.676,0.9838943304300646,0.8060482282402675,-0.17587216851848933
1768969252.6977694,2026-01-20 21:20:52.697,0.9698893135292501,0.8574376018293569,-0.2362127929477731
1768969252.7184417,2026-01-20 21:20:52.718,0.9520391513310105,0.9006182125854386,-0.29130135190471845
1768969252.7392592,2026-01-20 21:20:52.739,0.930010525180883,0.9365788919084326,-0.3418094532932941
1768969252.781019,2026-01-20 21:20:52.781,0.8739346930002047,0.9848349398162025,-0.42477015871544604
1768969252.8160627,2026-01-20 21:20:52.816,0.8152413666067103,0.9997950784136395,-0.4721236640162187
1768969252.8894856,2026-01-20 21:20:52.889,0.6612484195637915,0.9545396220926012,-0.49604674304228724
1768969252.9151952,2026-01-20 21:20:52.915,0.5985657938910884,0.9148072529892071,-0.479495284402957
1768969252.9456637,2026-01-20 21:20:52.945,0.5192695772579885,0.8526474322500233,-0.4437732328802648
1768969252.9798367,2026-01-20 21:20:52.979,0.4247159406364865,0.7648087332274188,-0.38450666597019717
1768969253.0037985,2026-01-20 21:20:53.003,0.35540863881593776,0.692774122467601,-0.3322043729291121
1768969253.0257628,2026-01-20 21:20:53.025,0.2901234017363162,0.6199940798395243,-0.2776449746871727
1768969253.0468533,2026-01-20 21:20:53.046,0.226123739250066,0.5446503658832277,-0.22026681458331707
1768969253.0678234,2026-01-20 21:20:53.067,0.16150572767718754,0.4650930967043863,-0.1593854441156522
1768969253.0898275,2026-01-20 21:20:53.089,0.09298366365587377,0.3774143043133904,-0.09258082443482571
1768969253.1147766,2026-01-20 21:20:53.114,0.014708607640514085,0.27369232842492136,-0.014707016501279821
1768969253.136045,2026-01-20 21:20:53.136,-0.05208233690957941,0.18265753484749242,0.052011650453966704
1768969253.1568086,2026-01-20 21:20:53.156,-0.11707071042755363,0.09223009052290465,0.1162656832656116
1768969253.1779501,2026-01-20 21:20:53.177,-0.18273134417764253,-0.0006323392411346884,0.17965467528125542
1768969253.1984751,2026-01-20 21:20:53.198,-0.2456958576643575,-0.09077031305818486,0.23816453482357994
1768969253.2192879,2026-01-20 21:20:53.219,-0.30850376908822424,-0.18142025908147505,0.29345591783453434
1768969253.2443733,2026-01-20 21:20:53.244,-0.3824363751307222,-0.28860287099298854,0.35336426109100233
1768969253.2694018,2026-01-20 21:20:53.269,-0.4538299216038445,-0.39203727140611266,0.404402544500059
1768969253.3241334,2026-01-20 21:20:53.324,-0.5996003205878015,-0.6000512580255952,0.4798598988955975
1768969253.3695962,2026-01-20 21:20:53.369,-0.7074133721413371,-0.7469929693616333,0.4999998119224164
1768969253.4125304,2026-01-20 21:20:53.412,-0.7960309772398216,-0.8585093217554131,0.4818024316093708
1768969253.461028,2026-01-20 21:20:53.461,-0.8786695126667933,-0.9476067031305436,0.41950362953361214
1768969253.5018585,2026-01-20 21:20:53.501,-0.9325235019451139,-0.9894250414414475,0.3367428983989907
1768969253.5301392,2026-01-20 21:20:53.530,-0.9608871314603699,-0.9997759183836661,0.2661083545440125
1768969253.56032,2026-01-20 21:20:53.560,-0.9827903603951956,-0.9937821364030363,0.18154536911706176
1768969253.5922678,2026-01-20 21:20:53.592,-0.9963534984666259,-0.9683941308762233,0.08501006983005166
1768969253.6282227,2026-01-20 21:20:53.628,-0.9996210731626248,-0.917031716472643,-0.027516103732597372
1768969253.6491644,2026-01-20 21:20:53.649,-0.9956486700563131,-0.8764620884281744,-0.09278102565214055
1768969253.6717603,2026-01-20 21:20:53.671,-0.9865315011543431,-0.8243659995626205,-0.16136832169609977
1768969253.7128687,2026-01-20 21:20:53.712,-0.9572504911400915,-0.7091411142426379,-0.2768945246232703
1768969253.753256,2026-01-20 21:20:53.753,-0.9129521043326636,-0.5733961964319406,-0.3725453788120021
1768969253.9350379,2026-01-20 21:20:53.935,-0.54750175611974,0.18775284519062105,-0.45815195154158145
1768969254.0006177,2026-01-20 21:20:54.000,-0.3647372062774675,0.459390806664939,-0.3396106439053703
1768969254.0448558,2026-01-20 21:20:54.044,-0.23223194910512937,0.6224581307194317,-0.22588282863754594
1768969254.0796711,2026-01-20 21:20:54.079,-0.12467172086514819,0.7345506665770204,-0.12369903780434835
1768969254.158008,2026-01-20 21:20:54.158,0.12081150422399091,0.9205750406615267,0.1199266162323413
1768969254.2494867,2026-01-20 21:20:54.249,0.3972279587698752,0.9999993997434096,0.36454403158163873
1768969254.282194,2026-01-20 21:20:54.282,0.48926847570153026,0.9895124410399408,0.4267072926326983
1768969254.3254178,2026-01-20 21:20:54.325,0.6028269811990227,0.9443909019938034,0.480978732255505
1768969254.369257,2026-01-20 21:20:54.369,0.7066585698042223,0.8638798989543252,0.49999959846759123
1768969254.4301105,2026-01-20 21:20:54.430,0.8282293556432963,0.6999130974930883,0.464130844385458
1768969254.4770074,2026-01-20 21:20:54.477,0.901521028624114,0.5388002612143259,0.3901199676555569
1768969254.5599952,2026-01-20 21:20:54.559,0.9826014010964856,0.2026017366199712,0.18249552586286288
1768969254.5971453,2026-01-20 21:20:54.597,0.9975440376450455,0.04060589618475864,0.06987005920347089
1768969254.6418242,2026-01-20 21:20:54.641,0.9975325349365229,-0.15526047351957686,-0.07003248005165924
1768969254.7022252,2026-01-20 21:20:54.702,0.9663857401143444,-0.40917094598179676,-0.24845437450234562
1768969254.7657633,2026-01-20 21:20:54.765,0.8962165954954662,-0.64498566457747,-0.39757668639763216
1768969254.8492334,2026-01-20 21:20:54.849,0.7505794256545614,-0.8762978280727367,-0.49596805314213177
1768969254.8789234,2026-01-20 21:20:54.878,0.6857703113161409,-0.9315711899550518,-0.49911599481180496
1768969254.9196205,2026-01-20 21:20:54.919,0.5873732410389675,-0.9814155216901869,-0.47537066640236364
1768969254.9609683,2026-01-20 21:20:54.960,0.4775923987297568,-0.9999368707772124,-0.41960385925581606
1768969254.9935849,2026-01-20 21:20:54.993,0.385217471505585,-0.9912716788645055,-0.35548863018681026
1768969255.015447,2026-01-20 21:20:55.015,0.32097722333815976,-0.9740355373473611,-0.30399332781871213
1768969255.036725,2026-01-20 21:20:55.036,0.2569987632379774,-0.9486172916173534,-0.24836661989561257
1768969255.0580115,2026-01-20 21:20:55.058,0.19185472646282672,-0.9148869793783835,-0.18829070562251976
1768969255.0791383,2026-01-20 21:20:55.079,0.12633104495437328,-0.8734741274852392,-0.12531889812898456
1768969255.1004062,2026-01-20 21:20:55.100,0.05981798233718962,-0.8241788924751257,-0.05971086634760795
1768969255.12132,2026-01-20 21:20:55.121,-0.005846770413483241,-0.7686769065803304,0.005846670477511941
1768969255.1657634,2026-01-20 21:20:55.165,-0.14495724899168894,-0.6298017221838044,0.14342619881631383
1768969255.2074986,2026-01-20 21:20:55.207,-0.2730724476427786,-0.4774374626552386,0.26269391175536505
1768969255.254964,2026-01-20 21:20:55.254,-0.41296308458685793,-0.284963551610437,0.3761052061599155
1768969255.296712,2026-01-20 21:20:55.296,-0.5285210772700618,-0.10516030369837144,0.44867220769815586
1768969255.33276,2026-01-20 21:20:55.332,-0.6210692055959117,0.05316797106308675,0.4867665476426629
1768969255.361817,2026-01-20 21:20:55.361,-0.6899201798139468,0.17998844139616862,0.4994231801926754
1768969255.3828788,2026-01-20 21:20:55.382,-0.7362830974640056,0.2702278586261104,0.4982233556437391
1768969255.4151974,2026-01-20 21:20:55.415,-0.8010749935395283,0.4038935683598078,0.4794946475010176
1768969255.4360294,2026-01-20 21:20:55.436,-0.8385064282926822,0.4859023787196607,0.4568951970073402
1768969255.4573393,2026-01-20 21:20:55.457,-0.8730792751427493,0.5655664161905484,0.4256944914464747
1768969255.478114,2026-01-20 21:20:55.478,-0.9030211290854923,0.6384599001487722,0.3879343881588318
1768969255.4988108,2026-01-20 21:20:55.498,-0.9290258115695739,0.7057804140344982,0.34375341186669733
1768969255.51949,2026-01-20 21:20:55.519,-0.9510866938913539,0.7672056120423557,0.29381360269030976
1768969255.540276,2026-01-20 21:20:55.540,-0.9692143262943982,0.8225450066428565,0.2386385762547442
1768969255.5618405,2026-01-20 21:20:55.561,-0.9836621495312602,0.8727187380749899,0.17708316364063437
1768969255.5831637,2026-01-20 21:20:55.583,-0.9935063996258019,0.9146037401421797,0.1130374274293146
1768969255.6063511,2026-01-20 21:20:55.606,-0.9991523143153029,0.9510173526343225,0.0411312648756033
1768969255.627811,2026-01-20 21:20:55.627,-0.9996557651095869,0.9759188711021886,-0.026227418013929107
1768969255.6488886,2026-01-20 21:20:55.648,-0.9957296056636962,0.9919199630121569,-0.09192343828060001
1768969255.6709657,2026-01-20 21:20:55.670,-0.9869370179230719,0.9995470109549085,-0.15900202476411057
1768969255.6926508,2026-01-20 21:20:55.692,-0.973680623878363,0.9978703077758936,-0.2219181185332336
1768969255.7134168,2026-01-20 21:20:55.713,-0.9567498813366269,0.9877609939479566,-0.2783298123421464
1768969255.7342005,2026-01-20 21:20:55.734,-0.9357301807822113,0.9693992057786077,-0.3300476061615609
1768969255.7549336,2026-01-20 21:20:55.754,-0.9107879712770867,0.9430165593046723,-0.3760410384936
1768969255.7756686,2026-01-20 21:20:55.775,-0.8819805752732979,0.9087946880616946,-0.41566488316073663
1768969255.7963035,2026-01-20 21:20:55.796,-0.8495991854169338,0.8672407444326343,-0.44810314736171547
1768969255.818043,2026-01-20 21:20:55.818,-0.8116244695435831,0.8157456059048559,-0.4741343991865215
1768969255.84137,2026-01-20 21:20:55.841,-0.7666721646610913,0.752214839942289,-0.49223325941404167
1768969255.8622167,2026-01-20 21:20:55.862,-0.7230094767684533,0.6887233460712849,-0.4994825016330881
1768969255.8828454,2026-01-20 21:20:55.882,-0.6767541421179601,0.6202028022883304,-0.49823255430644336
1768969255.9035363,2026-01-20 21:20:55.903,-0.627501454711985,0.5463454368651103,-0.48858228939835285
1768969255.9244034,2026-01-20 21:20:55.924,-0.5751490808957574,0.467286835737917,-0.4704999084270654
1768969255.945278,2026-01-20 21:20:55.945,-0.5203049021939299,0.3842632385034897,-0.44433027536996766
1768969255.9705505,2026-01-20 21:20:55.970,-0.4509288437015132,0.279474286626732,-0.4024810043562098
1768969255.991175,2026-01-20 21:20:55.991,-0.3921958661499737,0.19135554764069068,-0.36077381300128936
1768969256.012081,2026-01-20 21:20:56.012,-0.33098049868950435,0.1004283705425004,-0.312325641563037
1768969256.0329716,2026-01-20 21:20:56.032,-0.26838711976716956,0.00872408384051461,-0.2585403025124865
1768969256.0551345,2026-01-20 21:20:56.055,-0.20070768040779818,-0.0886525860373103,-0.19662351518338944
1768969256.0770402,2026-01-20 21:20:56.077,-0.13287196489544162,-0.18405363190777466,-0.13169381715151077
1768969256.0983284,2026-01-20 21:20:56.098,-0.06633561952774075,-0.2751477258705676,-0.06618950650275239
1768969256.119301,2026-01-20 21:20:56.119,-0.0004973453130655997,-0.36253377200189313,-0.0004973452515558272
1768969256.1405294,2026-01-20 21:20:56.140,0.06614653518165362,-0.44784555137380605,0.06600166895909114
1768969256.163461,2026-01-20 21:20:56.163,0.13779594669568931,-0.5355944948357532,0.13648146139258538
1768969256.1843164,2026-01-20 21:20:56.184,0.2023488469874044,-0.610696274750983,0.19816295889078397
1768969256.2084854,2026-01-20 21:20:56.208,0.27605275321161393,-0.691266475750235,0.26532602935253286
1768969256.2291973,2026-01-20 21:20:56.229,0.3379644037956672,-0.7541349818245624,0.31807820413071286
1768969256.2500114,2026-01-20 21:20:56.250,0.3987396661312607,-0.8110123303119359,0.3656698580874388
1768969256.2712998,2026-01-20 21:20:56.271,0.459135958684737,-0.8621574632472784,0.4078807806254183
1768969256.291865,2026-01-20 21:20:56.291,0.5155346916298359,-0.9043975217465614,0.441745544838154
1768969256.3125722,2026-01-20 21:20:56.312,0.5701458775488153,-0.9394556377502326,0.4683996244570463
1768969256.3335001,2026-01-20 21:20:56.333,0.6228949837974757,-0.9669782327923502,0.4872941493849381
1768969256.3574731,2026-01-20 21:20:56.357,0.6799833918487448,-0.9884279591152054,0.49858253174548073
1768969256.3782392,2026-01-20 21:20:56.378,0.7263401068779067,-0.9981437381422091,0.49923931917429115
1768969256.398976,2026-01-20 21:20:56.398,0.7695445277757531,-0.9995420866174035,0.49142586920528786
1768969256.4216282,2026-01-20 21:20:56.421,0.8130074969608228,-0.9915743823815165,0.47337623137343776
1768969256.4429154,2026-01-20 21:20:56.442,0.8500973609572635,-0.9751224957370058,0.4476829959019071
1768969256.4635324,2026-01-20 21:20:56.463,0.882400646869035,-0.9510434082327981,0.41516842446941693
1768969256.4843304,2026-01-20 21:20:56.484,0.9112358446884429,-0.9188383443656709,0.37532435612204046
1768969256.5055897,2026-01-20 21:20:56.505,0.93669176195915,-0.8779807787314976,0.3279873293927477
1768969256.5272586,2026-01-20 21:20:56.527,0.9583431221160591,-0.8284363864128631,0.27372141879855355
1768969256.5499763,2026-01-20 21:20:56.549,0.9762700795216684,-0.7684379750717754,0.21141766334521195
1768969256.5708623,2026-01-20 21:20:56.570,0.9883685485274643,-0.7064957295008271,0.1503087683132966
1768969256.5918221,2026-01-20 21:20:56.591,0.9962326907305409,-0.6383536727209816,0.08639368677033948
1768969256.6150293,2026-01-20 21:20:56.615,0.999903227086101,-0.5565881719242834,0.013910392030375647
1768969256.6358411,2026-01-20 21:20:56.635,0.9986758661327619,-0.47832161976640963,-0.05137616534432294
1768969256.657561,2026-01-20 21:20:56.657,0.9928475531755172,-0.3924116316352061,-0.11853508830324537
1768969256.678487,2026-01-20 21:20:56.678,0.9828546387326492,-0.30617829407984803,-0.1812208031406268
1768969256.7109823,2026-01-20 21:20:56.710,0.9589451244938451,-0.16745122025166892,-0.2719488711309966
1768969256.731946,2026-01-20 21:20:56.731,0.9382053863118971,-0.07597902637232112,-0.32469315322694864
1768969256.7526138,2026-01-20 21:20:56.752,0.9137724430173222,0.01485197488517394,-0.3711985285519627
1768969256.773386,2026-01-20 21:20:56.773,0.8853392288458025,0.10600661955689071,-0.4116346160025185
1768969256.7942884,2026-01-20 21:20:56.794,0.8529203328083896,0.19684886047328295,-0.44525946531477045
1768969256.8152812,2026-01-20 21:20:56.815,0.8166595092053636,0.28641225114213104,-0.4713103602193994
1768969256.8392239,2026-01-20 21:20:56.839,0.7709822996967559,0.38553127829171746,-0.4910051446117296
1768969256.8751962,2026-01-20 21:20:56.875,0.6942475273557982,0.5260889573624906,-0.49967516071709944
1768969256.909579,2026-01-20 21:20:56.909,0.6126082267444761,0.6482011214651017,-0.4841974044132316
1768969256.9393685,2026-01-20 21:20:56.939,0.5360653705407845,0.7421292467163279,-0.45253377409909484
1768969256.9673822,2026-01-20 21:20:56.967,0.4597959073251723,0.8188743041571462,-0.4083100853313782
1768969256.9912677,2026-01-20 21:20:56.991,0.3919271377246233,0.8745480182825299,-0.360571500963272
1768969257.0122721,2026-01-20 21:20:57.012,0.3304121732589195,0.9155535910477176,-0.31185514916314594
1768969257.0335903,2026-01-20 21:20:57.033,0.2665041273816511,0.9491889742173484,-0.2568656797359867
1768969257.054635,2026-01-20 21:20:57.054,0.20224468606239887,0.9742136694684632,-0.19806530424403299
1768969257.0758457,2026-01-20 21:20:57.075,0.1365880819130647,0.9909952018400202,-0.13530796886084132
1768969257.0981174,2026-01-20 21:20:57.098,0.06699627493831957,0.9993396698796433,-0.06684574942118673
1768969257.119123,2026-01-20 21:20:57.119,0.0010553606098374995,0.9984299069059869,-0.0010553600221143908
1768969257.1401825,2026-01-20 21:20:57.140,-0.06505906744686199,0.9889690634551027,0.0649212342609577
1768969257.1713035,2026-01-20 21:20:57.171,-0.16215469347610822,0.9595081098199726,0.16000863281468944
1768969257.192795,2026-01-20 21:20:57.192,-0.22835721921856725,0.9286393441815592,0.22232343088231257
1768969257.2144501,2026-01-20 21:20:57.214,-0.29401463854787574,0.8891479741403256,0.2810194610403578
1768969257.2354362,2026-01-20 21:20:57.235,-0.35634311009389513,0.8431862420639961,0.3329510280077409
1768969257.25624,2026-01-20 21:20:57.256,-0.4166066068957201,0.7905343382374553,0.378731595799402
1768969257.2770147,2026-01-20 21:20:57.277,-0.4750080732673107,0.7313583978134637,0.41799828713417875
1768969257.2977548,2026-01-20 21:20:57.297,-0.5313000921007254,0.6661882050816242,0.4501087748849496
1768969257.3183815,2026-01-20 21:20:57.318,-0.585043655645309,0.5958845683085593,0.4744714583068207
1768969257.3393764,2026-01-20 21:20:57.339,-0.6372249295274194,0.519294523058724,0.4910951554840955
1768969257.3603737,2026-01-20 21:20:57.360,-0.6866398740194577,0.4382711455749068,0.4991856221749477
1768969257.3813152,2026-01-20 21:20:57.381,-0.7329524224624501,0.35373520341512577,0.49861280284599313
1768969257.40379,2026-01-20 21:20:57.403,-0.7791147602500615,0.2597088576700387,0.488412489955696
1768969257.4250503,2026-01-20 21:20:57.425,-0.8192156702717424,0.16840889549403848,0.46980835603572535
1768969257.446261,2026-01-20 21:20:57.446,-0.8555829022883401,0.07585504885654877,0.44290602148105246
1768969257.4671288,2026-01-20 21:20:57.467,-0.8876585918978827,-0.015854936233422223,0.4087686843247037
1768969257.48812,2026-01-20 21:20:57.488,-0.9160763797554153,-0.10797251741557028,0.367350130891499
1768969257.5088463,2026-01-20 21:20:57.508,-0.9402283547246484,-0.19802853840015175,0.32018971158420295
1768969257.5295806,2026-01-20 21:20:57.529,-0.9604006819382077,-0.28646707800393045,0.26758929523423214
1768969257.5503182,2026-01-20 21:20:57.550,-0.9765021167085584,-0.3725396566681324,0.21044383238914885
1768969257.5710595,2026-01-20 21:20:57.571,-0.988462674516135,-0.45553307846319846,0.1497171559337745
1768969257.5933917,2026-01-20 21:20:57.593,-0.9966487274599837,-0.5406352104584501,0.08152631703105036
1768969257.614301,2026-01-20 21:20:57.614,-0.9998686910340328,-0.615604487539019,0.016202830949177124
1768969257.6355028,2026-01-20 21:20:57.635,-0.9987300173879364,-0.6863115761697004,-0.05031807960908847
1768969257.6561632,2026-01-20 21:20:57.656,-0.9933595138415957,-0.7494761789452263,-0.11428762560861834
1768969257.6779587,2026-01-20 21:20:57.677,-0.9831594618036048,-0.8094039076986307,-0.17967214999984532
1768969257.6997085,2026-01-20 21:20:57.699,-0.9683875224011326,-0.8617955224500151,-0.24156485745810677
1768969257.7251203,2026-01-20 21:20:57.725,-0.9454112496952088,-0.9129923930720085,-0.3080903200344146
1768969257.7500086,2026-01-20 21:20:57.750,-0.9170677466813293,-0.9520986352006555,-0.3656637279772523
1768969257.7754164,2026-01-20 21:20:57.775,-0.8823548293603632,-0.9802606147555127,-0.4152226781965116
1768969257.7990236,2026-01-20 21:20:57.799,-0.8450590726143898,-0.9954731720226125,-0.4518302275401051
1768969257.8199577,2026-01-20 21:20:57.819,-0.8080957730408661,-0.9999951395897693,-0.4760097199164927
1768969257.8412735,2026-01-20 21:20:57.841,-0.7668668922909467,-0.9958953583872282,-0.49217990881099577
1768969257.8624506,2026-01-20 21:20:57.862,-0.7225021835259112,-0.9831601696328823,-0.499515351198294
1768969257.8886623,2026-01-20 21:20:57.888,-0.6631852756620564,-0.9556120721974027,-0.49636451409237253
1768969257.912993,2026-01-20 21:20:57.912,-0.6040961538297664,-0.9186780607651627,-0.48141113346864833
1768969257.9338088,2026-01-20 21:20:57.933,-0.5507305848556306,-0.8787190612727281,-0.459685493845403
1768969257.9545143,2026-01-20 21:20:57.954,-0.4953069629679462,-0.8316655457432958,-0.4302820881992334
1768969257.9752197,2026-01-20 21:20:57.975,-0.43778946199461294,-0.7777202550506854,-0.39360666377154896
1768969258.0104084,2026-01-20 21:20:58.010,-0.3359305663224703,-0.6715267491928927,-0.3164085501923799
1768969258.0309918,2026-01-20 21:20:58.030,-0.2743641411090237,-0.6017870767295651,-0.2638356564928134
1768969258.0516028,2026-01-20 21:20:58.051,-0.21156154757174397,-0.5270099449031995,-0.20677278358012544
1768969258.0721781,2026-01-20 21:20:58.072,-0.1479906380182521,-0.448054313484588,-0.14636107785856547
1768969258.0928595,2026-01-20 21:20:58.092,-0.08347101267374846,-0.3649998180725199,-0.0831797160086233
1768969258.1136918,2026-01-20 21:20:58.113,-0.018118407587892498,-0.27828125885126126,-0.018115433418317416
1768969258.1376436,2026-01-20 21:20:58.137,0.057104460113170816,-0.17573004428595448,0.05701127756604723
1768969258.158301,2026-01-20 21:20:58.158,0.12172153144696443,-0.08569803884558765,0.120816445376991
1768969258.1789114,2026-01-20 21:20:58.178,0.18569158667559546,0.0048488200130577825,0.18246205305450647
1768969258.2002542,2026-01-20 21:20:58.200,0.2511090855827198,0.09855890935177983,0.24306324767628207
1768969258.2758315,2026-01-20 21:20:58.275,0.47173491472286155,0.41789151212920445,0.4159477423632826
1768969258.3073075,2026-01-20 21:20:58.307,0.5564816522914775,0.5392667723521051,0.4623582890487593
1768969258.3301473,2026-01-20 21:20:58.330,0.6146125753812773,0.6209981876577756,0.4848242976113086
1768969258.3544292,2026-01-20 21:20:58.354,0.6729441256031561,0.7010133648973471,0.4977722726967835
1768969258.375163,2026-01-20 21:20:58.375,0.7196629961241385,0.7630419547718869,0.49967895586874117
1768969258.396066,2026-01-20 21:20:58.396,0.7636605923299635,0.8191415357119324,0.49303296385489764
1768969258.4171374,2026-01-20 21:20:58.417,0.8047032857441371,0.8687182614534464,0.47773399629870467
1768969258.4379373,2026-01-20 21:20:58.437,0.8417551946232618,0.9103378545296864,0.45442947034208453
1768969258.459656,2026-01-20 21:20:58.459,0.8766037157522633,0.9456620455092781,0.42183308033281625
1768969258.4803941,2026-01-20 21:20:58.480,0.9060728396190108,0.9713470991381026,0.3833791190832504
1768969258.5011837,2026-01-20 21:20:58.501,0.9317546008492881,0.9889894744554824,0.3383095150692142
1768969258.522791,2026-01-20 21:20:58.522,0.9542381752417928,0.9985697073220979,0.285362696515415
1768969258.5457213,2026-01-20 21:20:58.545,0.9732872275512418,0.9988786666196283,0.22345787213971244
1768969258.5670998,2026-01-20 21:20:58.567,0.9865014678137176,0.9900209400748871,0.1615419995117844
1768969258.5889134,2026-01-20 21:20:58.588,0.9953993055453035,0.9719676471432543,0.09537266922138671
1768969258.6096838,2026-01-20 21:20:58.609,0.9995284060204936,0.9464680074499404,0.03069326268234312
1768969258.631207,2026-01-20 21:20:58.631,0.9993189893447123,0.9117169163511698,-0.03687416027710329
1768969258.6519706,2026-01-20 21:20:58.651,0.9947893075306307,0.8704587261406067,-0.10142087324670689
1768969258.6729562,2026-01-20 21:20:58.672,0.985909868042544,0.8213766210201512,-0.1649204498090594
1768969258.694169,2026-01-20 21:20:58.694,0.9725824528837856,0.764667132286923,-0.22618214159967392
1768969258.7149708,2026-01-20 21:20:58.714,0.9553195607195794,0.7025928241515194,-0.28236850850910045
1768969258.7357836,2026-01-20 21:20:58.735,0.9339643955292148,0.6345994831430717,-0.3337671854149587
1768969258.7565556,2026-01-20 21:20:58.756,0.908673588071855,0.5614478649251708,-0.37937781801831255
1768969258.7773418,2026-01-20 21:20:58.777,0.8794942580204651,0.48356049699417963,-0.41855967066431515
1768969258.7987466,2026-01-20 21:20:58.798,0.8455241074019413,0.3991268815536967,-0.45145681423233347
1768969258.8196228,2026-01-20 21:20:58.819,0.8087187466372547,0.31338811741259687,-0.4756847568351959
1768969258.8405704,2026-01-20 21:20:58.840,0.768283148556041,0.22468190067559254,-0.4917858411716984
1768969258.861331,2026-01-20 21:20:58.861,0.7249310562854138,0.13489552153064224,-0.4993480474763659
1768969258.882158,2026-01-20 21:20:58.882,0.6783439894796175,0.04369507709255339,-0.4984094930619884
1768969258.903326,2026-01-20 21:20:58.903,0.6280110316607379,-0.04938728677682993,-0.4887209706559159
1768969258.9240658,2026-01-20 21:20:58.924,0.5760206687005054,-0.1401440388728534,-0.47085952931108005
1768969258.944931,2026-01-20 21:20:58.944,0.5212327173693909,-0.23030132996963165,-0.44482760332055804
1768969258.9658904,2026-01-20 21:20:58.965,0.4639506513088337,-0.31890167651165735,-0.41099580934721236
1768969258.9866035,2026-01-20 21:20:58.986,0.4053652511088525,-0.4038032566971092,-0.37056659334250164
1768969259.0074797,2026-01-20 21:20:59.007,0.344583123112641,-0.48598289837236763,-0.3234794089338445
1768969259.0282762,2026-01-20 21:20:59.028,0.28255794724482036,-0.5637808890252501,-0.2710437762796576
1768969259.0490503,2026-01-20 21:20:59.049,0.21939647922369288,-0.6367884441435083,-0.2140510562259622
1768969259.06993,2026-01-20 21:20:59.069,0.15497157639436604,-0.7048146595230381,-0.15309935379526526
1768969259.0911257,2026-01-20 21:20:59.091,0.0888856327501722,-0.7677970649761396,-0.08853380907178926
1768969259.1121294,2026-01-20 21:20:59.112,0.023021160150854304,-0.8236216435960733,-0.023015059036357557
1768969259.1330907,2026-01-20 21:20:59.133,-0.0428102933053427,-0.8723323738146721,0.04277104564825713
1768969259.153845,2026-01-20 21:20:59.153,-0.10781433403633377,-0.9132673298283631,0.10718588927910992
1768969259.1753805,2026-01-20 21:20:59.175,-0.17477967659794047,-0.9477013146082464,0.17208939246051805
1768969259.1966922,2026-01-20 21:20:59.196,-0.24026186933794239,-0.9734135492273065,0.23322414500625202
1768969259.2174463,2026-01-20 21:20:59.217,-0.3029975867343296,-0.990240376920834,0.288754071162197
1768969259.238209,2026-01-20 21:20:59.238,-0.3644735688467077,-0.9988240117526938,0.3394027928377802
1768969259.2591052,2026-01-20 21:20:59.259,-0.42477696888720495,-0.9990581341136351,0.38454975396311014
1768969259.2799106,2026-01-20 21:20:59.279,-0.4830037966377626,-0.9909123070313226,0.42292694265818875
1768969259.3006454,2026-01-20 21:20:59.300,-0.5389701322060984,-0.9745473724464432,0.4539879497338392
1768969259.321384,2026-01-20 21:20:59.321,-0.592667760219577,-0.9500758485043215,0.47736249013758114
1768969259.3420713,2026-01-20 21:20:59.342,-0.6437255093170805,-0.9177959365751304,0.4926151124977812
1768969259.3634067,2026-01-20 21:20:59.363,-0.6935301898057543,-0.8765582144995702,0.4996382656147288
1768969259.393104,2026-01-20 21:20:59.393,-0.7576377427653912,-0.8063958796738061,0.49449144308637866
1768969259.414906,2026-01-20 21:20:59.414,-0.8005285908466615,-0.7460732762723452,0.47975243335336704
1768969259.4355633,2026-01-20 21:20:59.435,-0.8377080414763837,-0.6825826106508055,0.45748772191830145
1768969259.4563062,2026-01-20 21:20:59.456,-0.8714922552609967,-0.6131649029086133,0.42738787797488215
1768969259.4769287,2026-01-20 21:20:59.476,-0.9014137156038775,-0.5390926316353125,0.3902749910590114
1768969259.529144,2026-01-20 21:20:59.529,-0.9600178731048006,-0.3332044144778047,0.2687461683396226
1768969259.5548365,2026-01-20 21:20:59.554,-0.9794628307530896,-0.22476408249395205,0.19748400512597983
1768969259.575401,2026-01-20 21:20:59.575,-0.9904360588517589,-0.1358362326677337,0.13665294835410394
1768969259.6007175,2026-01-20 21:20:59.600,-0.9982672942073628,-0.024901971590747873,0.0587402846234129
1768969259.6228726,2026-01-20 21:20:59.622,-0.9999424622182541,0.07247693209407785,-0.010726556356638868
1768969259.6435971,2026-01-20 21:20:59.643,-0.9971260421320204,0.16295865508632112,-0.0755427855586585
1768969259.6643198,2026-01-20 21:20:59.664,-0.9900851629409264,0.2520813694044363,-0.13907567421105482
1768969259.686931,2026-01-20 21:20:59.686,-0.9776179878233543,0.34691762866662684,-0.20567899875446893
1768969259.70763,2026-01-20 21:20:59.707,-0.9618804854504337,0.4307472680503501,-0.26304561605919125
1768969259.7285402,2026-01-20 21:20:59.728,-0.9418542895869062,0.5118077643195843,-0.31648335945478473
1768969259.7494526,2026-01-20 21:20:59.749,-0.9177622169341959,0.58855094611321,-0.36447122843683283
1768969259.770411,2026-01-20 21:20:59.770,-0.8896446036427997,0.6604697560535083,-0.4062593805982716
1768969259.7939136,2026-01-20 21:20:59.793,-0.8535332479728588,0.7344229820884322,-0.444723581759766
1768969259.815499,2026-01-20 21:20:59.815,-0.8162672511375901,0.7954499796385116,-0.47153673855970085
1768969259.836271,2026-01-20 21:20:59.836,-0.7768568669662498,0.8474242998955972,-0.4891690765612203
1768969259.8568616,2026-01-20 21:20:59.856,-0.7345284919751419,0.8919667241701138,-0.4984347626649816
1768969259.886105,2026-01-20 21:20:59.886,-0.6691779553122118,0.9425871134793212,-0.49726760379567275
1768969259.908791,2026-01-20 21:20:59.908,-0.6145641250058612,0.9711651692733615,-0.4848092768009235
1768969259.9296834,2026-01-20 21:20:59.929,-0.5615010620549165,0.9889441374848613,-0.4646286618958175
1768969259.9522512,2026-01-20 21:20:59.952,-0.5014661303249602,0.998771717083461,-0.4338571009973084
1768969259.9732795,2026-01-20 21:20:59.973,-0.44326294370470176,0.999079462721451,-0.397337194703978
1768969259.9940703,2026-01-20 21:20:59.994,-0.3838124881440089,0.9909885154338182,-0.3544166940689717
1768969260.0177152,2026-01-20 21:21:00.017,-0.3142236312631563,0.971729692599507,-0.29830788775854655
1768969260.0392668,2026-01-20 21:21:00.039,-0.24927289776875536,0.9450203161927468,-0.24140417059671493
1768969260.0600448,2026-01-20 21:21:00.060,-0.1855752993880743,0.9112363293964367,-0.18235186506435191
1768969260.08406,2026-01-20 21:21:00.084,-0.11097779241389286,0.8627306633278533,-0.11029226998634195
1768969260.1046503,2026-01-20 21:21:00.104,-0.04650523263785672,0.813465764435684,-0.04645491613197662
1768969260.125275,2026-01-20 21:21:00.125,0.018266687826775253,0.7574384327971894,0.018263640032440954
1768969260.1462712,2026-01-20 21:21:00.146,0.08413678292933,0.6939961444913145,0.0838384519513048
1768969260.16693,2026-01-20 21:21:00.166,0.14858396530187637,0.6258063597617305,0.14693465288021096
1768969260.1876311,2026-01-20 21:21:00.187,0.21253435017523592,0.55229994184507,0.20767870452766435
1768969260.208531,2026-01-20 21:21:00.208,0.27618233436405054,0.473454036471614,0.26544029390072565
1768969260.229883,2026-01-20 21:21:00.229,0.3399868027166952,0.3887657486465335,0.31973385920920705
1768969260.2539718,2026-01-20 21:21:00.253,0.410115772545487,0.2891532605965385,0.37403931174551164
1768969260.2758098,2026-01-20 21:21:00.275,0.4716787767094132,0.19600717055581204,0.4159124085608903
1768969260.2963936,2026-01-20 21:21:00.296,0.527668767987389,0.10655755863127253,0.4482283495111775
1768969260.31774,2026-01-20 21:21:00.317,0.5833944322665863,0.012892699743777497,0.47382652786277407
1768969260.3390725,2026-01-20 21:21:00.339,0.6364909579574325,-0.08087208657713829,0.49091539590713246
1768969260.3598123,2026-01-20 21:21:00.359,0.685358071068867,-0.1713283824690015,0.49908201760839316
1768969260.380792,2026-01-20 21:21:00.380,0.7318283998226223,-0.2613744468711436,0.49873297005241096
1768969260.4019094,2026-01-20 21:21:00.401,0.7753983749226998,-0.3497726488571788,0.4896426532479511
1768969260.4233205,2026-01-20 21:21:00.423,0.8160928413798161,-0.4363239393693093,0.47163704412811375
1768969260.4461825,2026-01-20 21:21:00.446,0.8554572496680296,-0.5244344817835587,0.4430185838127549
1768969260.4685996,2026-01-20 21:21:00.468,0.8897789867936583,-0.6057032213402272,0.40608771597371235
1768969260.4892142,2026-01-20 21:21:00.489,0.9174487101201063,-0.6752561771658108,0.3650107071232696
1768969260.5103025,2026-01-20 21:21:00.510,0.9417749826347939,-0.7406675790662532,0.3166659835640054
1768969260.5311053,2026-01-20 21:21:00.531,0.9617256827418194,-0.7989631529378534,0.26352636959895814
1768969260.5518441,2026-01-20 21:21:00.551,0.9775234969169023,-0.850413488973585,0.20608785722855946
1768969260.572526,2026-01-20 21:21:00.572,0.9891502272533672,-0.894692190990609,0.14531363538238373
1768969260.5932386,2026-01-20 21:21:00.593,0.9966089073101985,-0.9316148618796087,0.08200514424609191
1768969260.614249,2026-01-20 21:21:00.614,0.9998661297393255,-0.9611810235444723,0.016360040486244756
1768969260.6371732,2026-01-20 21:21:00.637,0.9984518413032728,-0.9840712234362695,-0.055536908929438696
1768969260.65823,2026-01-20 21:21:00.658,0.9925914337693867,-0.9962943278126436,-0.12059984126130964
1768969260.6790805,2026-01-20 21:21:00.679,0.9825108618011608,-0.9999844275125502,-0.18294871050163153
1768969260.701025,2026-01-20 21:21:00.701,0.9673486397115901,-0.9947917944830004,-0.24517395310358422
1768969260.7235105,2026-01-20 21:21:00.723,0.9470455542088915,-0.979865645724385,-0.30409560228176147
1768969260.744631,2026-01-20 21:21:00.744,0.9236715857305801,-0.9571208261788935,-0.35393716586704016
1768969260.7658143,2026-01-20 21:21:00.765,0.8961454770951353,-0.9260191672293262,-0.3976738665629013
1768969260.847202,2026-01-20 21:21:00.847,0.7547814398396606,-0.7350685294391996,-0.4951187775864235
1768969260.8792095,2026-01-20 21:21:00.879,0.6851180417042598,-0.6326657013235172,-0.49906194782345276
1768969260.906901,2026-01-20 21:21:00.906,0.6192376982957992,-0.5338935297213134,-0.4862276618963081
